{
  "index.html": 1605849687000,
  "Component.js": 1605849687000,
  "model/models.js": 1605849687000,
  "controller/fitbit_data.controller.js": 1605849687000,
  "manifest.json": 1607289238789,
  "manifest-bundle.zip": 1607289238627,
  "Component-preload.js": 1607289238770,
  "controller/fitbit_data-dbg.controller.js": 1605849687000,
  "model/models-dbg.js": 1605849687000,
  "Component-dbg.js": 1605849687000,
  "resources.json": 1607289238792,
  "view/fitbit_data.view.xml": 1605849687000,
  "css/style.css": 1605849687000,
  "i18n/i18n.properties": 1605849687000
}